{"_step":9,"test_accuracy":0.979,"train_loss":0.08218350093355024,"test_loss":0.06939264179124337,"_wandb":{"runtime":374},"_runtime":374,"epoch":5,"train_accuracy":0.9759333333333333,"_timestamp":1.7635459539788654e+09}